{
  "version": 1,
  "author": "Anonymous maker",
  "editor": "wokwi",
  "parts": [
    { "type": "wokwi-arduino-mega", "id": "mega", "top": 0, "left": 0, "attrs": {} },
    { "type": "wokwi-lcd1602", "id": "lcd1", "top": -274.97, "left": -195.2, "attrs": {} },
    {
      "type": "wokwi-resistor",
      "id": "r1",
      "top": -44.05,
      "left": 288,
      "attrs": { "value": "220" }
    },
    { "type": "wokwi-led", "id": "led1", "top": -157.2, "left": 263, "attrs": { "color": "red" } },
    {
      "type": "wokwi-led",
      "id": "led2",
      "top": -157.2,
      "left": 215,
      "attrs": { "color": "blue" }
    },
    {
      "type": "wokwi-led",
      "id": "led3",
      "top": -147.6,
      "left": 176.6,
      "attrs": { "color": "green" }
    },
    {
      "type": "wokwi-membrane-keypad",
      "id": "keypad2",
      "top": -386,
      "left": 380,
      "attrs": {
        "keys": [ "1", "2", "3", "+", "4", "5", "6", "-", "7", "8", "9", "*", ".", "0", "=", "/" ]
      }
    },
    {
      "type": "wokwi-dht22",
      "id": "dht1",
      "top": -28.5,
      "left": 407.4,
      "attrs": { "temperature": "-40" }
    },
    { "type": "wokwi-photoresistor-sensor", "id": "ldr1", "top": 272, "left": 48.8, "attrs": {} }
  ],
  "connections": [
    [ "mega:12", "lcd1:RS", "purple", [ "v-37.8", "h-272.7" ] ],
    [ "mega:11", "lcd1:E", "purple", [ "v-37.8", "h5.6" ] ],
    [ "mega:10", "lcd1:D4", "gold", [ "v-28.2", "h53.7" ] ],
    [ "mega:9", "lcd1:D5", "gold", [ "v-28.2", "h53.3" ] ],
    [ "mega:8", "lcd1:D6", "gold", [ "v-28.2", "h53.4" ] ],
    [ "mega:7", "lcd1:D7", "gold", [ "v-28.2", "h50" ] ],
    [ "lcd1:VSS", "mega:GND.1", "black", [ "v144", "h282.2" ] ],
    [ "lcd1:RW", "mega:GND.1", "purple", [ "v19.2", "h239.9", "v96", "h3.8" ] ],
    [ "lcd1:K", "mega:GND.1", "black", [ "v28.8", "h-144" ] ],
    [ "lcd1:VDD", "mega:5V", "red", [ "v201.6", "h38.5" ] ],
    [ "r1:1", "lcd1:A", "gold", [ "v0", "h-38.4" ] ],
    [ "r1:2", "mega:5V", "red", [ "v28.8", "h-126" ] ],
    [ "led3:A", "mega:6", "green", [ "v0" ] ],
    [ "led2:A", "mega:5", "green", [ "v19.2", "h-28.8" ] ],
    [ "led1:A", "mega:4", "green", [ "v28.8", "h-67.2" ] ],
    [ "led2:C", "mega:GND.1", "black", [ "v9.6", "h-86", "v114.6" ] ],
    [ "led3:C", "mega:GND.1", "black", [ "v0", "h-57.2" ] ],
    [ "led1:C", "mega:GND.1", "black", [ "v9.6", "h-159" ] ],
    [ "dht1:SDA", "mega:53", "blue", [ "v0" ] ],
    [ "dht1:VCC", "mega:5V", "red", [ "v9.6", "h-240" ] ],
    [ "dht1:GND", "mega:GND.5", "black", [ "v0" ] ],
    [ "ldr1:VCC", "mega:5V", "red", [ "h0" ] ],
    [ "ldr1:GND", "mega:GND.2", "black", [ "h0", "v-77.2", "h-38.4" ] ],
    [ "ldr1:AO", "mega:A4", "green", [ "h0" ] ],
    [ "keypad2:R1", "mega:24", "green", [ "v0" ] ],
    [ "keypad2:R2", "mega:26", "green", [ "v0" ] ],
    [ "keypad2:R3", "mega:28", "green", [ "v0" ] ],
    [ "keypad2:R4", "mega:30", "green", [ "v0" ] ],
    [ "keypad2:C1", "mega:32", "blue", [ "v0" ] ],
    [ "keypad2:C2", "mega:34", "blue", [ "v0" ] ],
    [ "keypad2:C3", "mega:36", "blue", [ "v0" ] ],
    [ "keypad2:C4", "mega:38", "blue", [ "v0" ] ]
  ],
  "dependencies": {}
}